[
  {
    "content": "This is more than an incubator for me, it's the realization of a dream to create a space where creativity meets opportunity, The MaaC House Incubator Program represents a future where African voices are ampliﬁed, celebrated, and empowered to create global impact.",
    "name": "Tama Nisa",
    "title": "Singer-Songwriter"
  },
  {
    "content": "Maachouse is set to make a lasting impact by empowering individuals and businesses with innovative solutions that foster growth. Their commitment to skill development and community upliftment will inspire positive change and economic progress. Maachouse is truly a catalyst for transformation in society.",
    "name": "Obinna Iwuh",
    "title": "Web Developer"
  }
]
